artist_key,canonical_name,normalized_name,aliases,country_signals,genre_signals,source_ids,confidence_score,confidence_tier,inclusion_reasons,notes
00a85150-6eb9-4fc9-87ef-b97a307cfbd7,Vicente Fernández,vicente fernandez,"El Rey de la Música Ranchera|Vicente ""Chente"" Fernandez Gomez|Vicente ""Chente"" Fernández Gómez|Vicente El Rey de la Música Ranchera Fernández|Vicente Fernandez|Vicente Fernandez Gomez|Vicente Fernández|Vicente Fernández Gómez|Vincente Fernandez",Guadalajara|MX|Mexico,latin|mx_person|national folk|ranchera,"[{""source"": ""musicbrainz"", ""id"": ""3b829056-d975-4ae7-be3c-20661ce980e8""}, {""source"": ""musicbrainz"", ""id"": ""3b829056-d975-4ae7-be3c-20661ce980e8""}, {""source"": ""wikidata"", ""id"": ""Q119069""}]",4,high,mexico_signal|regional_genre_signal|multi_source_presence,
d7192c62-3446-426a-8ceb-3225c6e82bf3,Pedro Infante,pedro infante,Pedro Infante,MX|Mexico|Sinaloa,death by airplane|latin|mx_person|ranchera,"[{""source"": ""musicbrainz"", ""id"": ""35b17a3b-601b-4049-9bdd-4933d8ec4e10""}, {""source"": ""musicbrainz"", ""id"": ""35b17a3b-601b-4049-9bdd-4933d8ec4e10""}, {""source"": ""wikidata"", ""id"": ""Q467954""}]",4,high,mexico_signal|regional_genre_signal|multi_source_presence,
720e3569-8816-4713-8437-5e62a3a9eda6,Juan Gabriel,juan gabriel,Alberto Aguilera Valadez|Juan Gabriel,MX|Mexico|Parácuaro,canción melódica|latin|latin ballad|latin pop|mariachi|mexican|mx_person|pop|ranchera|rock,"[{""source"": ""musicbrainz"", ""id"": ""bc9b7500-0afc-41ba-a056-b0bc81669702""}, {""source"": ""musicbrainz"", ""id"": ""bc9b7500-0afc-41ba-a056-b0bc81669702""}, {""source"": ""wikidata"", ""id"": ""Q738404""}]",4,high,mexico_signal|regional_genre_signal|multi_source_presence,
2488d746-6e45-4bb9-b70e-7fccd5a06a89,José Alfredo Jiménez,jose alfredo jimenez,Jose Alfredo Jimenez|José Alfredo Jiménez|José Alfredo Jiménez Sandoval|José a. Jimenez,Guanajuato|MX|Mexico,latin|mariachi|mx_person|national folk|ranchera,"[{""source"": ""musicbrainz"", ""id"": ""c02be87c-adc4-4c34-afb3-900393050727""}, {""source"": ""musicbrainz"", ""id"": ""c02be87c-adc4-4c34-afb3-900393050727""}, {""source"": ""wikidata"", ""id"": ""Q1352007""}]",4,high,mexico_signal|regional_genre_signal|multi_source_presence,
4df1e18f-a5a9-4cc6-ba0e-da7a3da6fcdb,Lola Beltrán,lola beltran,Lola Beltran y Amalia Mendoza y Lucha Villa|Lola Beltrán|María Lucila Beltrán Ruiz,El Rosario|MX|Mexico,huapango|latin|mx_person|ranchera,"[{""source"": ""musicbrainz"", ""id"": ""5bace4e8-2280-4d13-a198-94e13587e111""}, {""source"": ""musicbrainz"", ""id"": ""5bace4e8-2280-4d13-a198-94e13587e111""}, {""source"": ""wikidata"", ""id"": ""Q297703""}]",4,high,mexico_signal|regional_genre_signal|multi_source_presence,
a1a5f6ca-3fa2-484d-bde2-e35709947a5e,Chavela Vargas,chavela vargas,Chabela Vargas|Chavela Vargas|Isabel Vargas Lizano,Heredia|MX|Mexico,bolero|latin|macorina|mx_person|ranchera|regional mexicano,"[{""source"": ""musicbrainz"", ""id"": ""77586a91-4586-4962-b836-e496d3a05432""}, {""source"": ""musicbrainz"", ""id"": ""77586a91-4586-4962-b836-e496d3a05432""}, {""source"": ""wikidata"", ""id"": ""Q236024""}]",4,high,mexico_signal|regional_genre_signal|multi_source_presence,
98273a01-a1fe-4ac1-beb5-c24f0d8e7c13,Alejandro Fernández,alejandro fernandez,Alejandro Fernandez|Alejandro Fernández|Alejandro Fernández Abarca|El Potrillo|El Potrillo Fernández,Guadalajara|MX|Mexico,1990s|2000s|Madmans Esprit|ballad|bolero|latin|latin pop|mariachi|mx_beginarea_person|mx_person|norteña|pop|pop rock|ranchera,"[{""source"": ""musicbrainz"", ""id"": ""772a8360-e81e-4647-92e2-195c19efddad""}, {""source"": ""musicbrainz"", ""id"": ""fd83a2d4-c8f2-4ee1-abdd-97de9724899e""}, {""source"": ""musicbrainz"", ""id"": ""772a8360-e81e-4647-92e2-195c19efddad""}, {""source"": ""wikidata"", ""id"": ""Q553528""}]",4,high,mexico_signal|regional_genre_signal|multi_source_presence,
f2a39a0d-1694-4202-a8ee-22a05e7b3b94,Luis Miguel,luis miguel,Luis Miguel|Luis Miguel Gallego Basteri,MX|Mexico|San Juan,bolero|canción melódica|latin|latin american|latin ballad|latin pop|mexican|mx_person|national folk|pop|pop music|ranchera,"[{""source"": ""musicbrainz"", ""id"": ""90270118-8ed0-4446-bf97-8a09b3f9e8f3""}, {""source"": ""musicbrainz"", ""id"": ""90270118-8ed0-4446-bf97-8a09b3f9e8f3""}, {""source"": ""wikidata"", ""id"": ""Q1069140""}]",4,high,mexico_signal|regional_genre_signal|multi_source_presence,
5cf20614-49a1-4655-b770-508d62353802,Antonio Aguilar,antonio aguilar,"Antonio Aguilar|Antonio Aguilar Barraza|Antonio Aguilar, Sr|El Charro de México|José Pascual Antonio Aguilar Márquez Barraza|Pascual Barraza|The Godfather of Banda Music|Tony Aguilar",MX|Mexico|Zacatecas,banda|corrido|latin|mariachi|mx_person|ranchera,"[{""source"": ""musicbrainz"", ""id"": ""ba683849-490c-4afb-9c8d-7278b25cbdc1""}, {""source"": ""musicbrainz"", ""id"": ""ba683849-490c-4afb-9c8d-7278b25cbdc1""}, {""source"": ""wikidata"", ""id"": ""Q1958523""}]",4,high,mexico_signal|regional_genre_signal|multi_source_presence,
fb0ef230-048d-4e9c-a669-0d7b3e036faa,Javier Solís,javier solis,Gabriel Siria Levario|Javier Solís,Ciudad de México|MX|Mexico,bolero|latin|mx_person|national folk|ranchera,"[{""source"": ""musicbrainz"", ""id"": ""49d300e4-b3bd-4a61-b85e-fb5d66948210""}, {""source"": ""musicbrainz"", ""id"": ""49d300e4-b3bd-4a61-b85e-fb5d66948210""}, {""source"": ""wikidata"", ""id"": ""Q198939""}]",4,high,mexico_signal|regional_genre_signal|multi_source_presence,
d98f4ced-e720-457f-916d-51f344c54265,Cuco Sánchez,cuco sanchez,Cuco Sánchez|José del Refugio Sánchez Saldaña,MX|Mexico|Tamaulipas,bolero|latin|mariachi|mx_person|ranchera|singer-songwriter,"[{""source"": ""musicbrainz"", ""id"": ""161ff9a7-b629-4dc5-8bd6-57e0c1af32bb""}, {""source"": ""musicbrainz"", ""id"": ""161ff9a7-b629-4dc5-8bd6-57e0c1af32bb""}, {""source"": ""wikidata"", ""id"": ""Q2633619""}]",4,high,mexico_signal|regional_genre_signal|multi_source_presence,
c3e6aaed-414d-49a0-a13f-4fb4c1519072,Yuri,yuri,Yuri|Yuridia Valenzuela Canseco,MX|Mexico|Veracruz,Latin pop|ballade|electronic dance music|latin|latin pop|mariachi|mexican pop|mx_person|pop|ranchera|salsa,"[{""source"": ""musicbrainz"", ""id"": ""40bad6e2-77f9-47b7-b0da-ffe035a10f67""}, {""source"": ""musicbrainz"", ""id"": ""40bad6e2-77f9-47b7-b0da-ffe035a10f67""}, {""source"": ""wikidata"", ""id"": ""Q2508214""}]",4,high,mexico_signal|regional_genre_signal|multi_source_presence,
ade2d31a-f09a-4549-95f7-4ecced543600,Paulina Rubio,paulina rubio,Paulina Rubio|Paulina Susana Rubio Rue|Paulina Susana Rubio-Dosamantes|Pauline Rubio,Ciudad de México|MX|Mexico,arena rock|bubblegum pop|cumbia|dance|dance-pop|edm|electropop|español|folk|latin pop|music of Latin America|mx_person|méxico|pop|pop rock|r&b|ranchera|reggaeton|rock en espanol|synth-pop|techno|trap|vallenato,"[{""source"": ""musicbrainz"", ""id"": ""5938c629-1d06-480b-9780-859b153af11e""}, {""source"": ""musicbrainz"", ""id"": ""5938c629-1d06-480b-9780-859b153af11e""}, {""source"": ""wikidata"", ""id"": ""Q202536""}]",4,high,mexico_signal|regional_genre_signal|multi_source_presence,
3d94de71-d81f-4873-a3fe-8004664d9eb7,Jorge Negrete,jorge negrete,Jorge Alberto Negrete Moreno|Jorge Negrete,Guanajuato|MX|Mexico,latin|mx_person|ranchera,"[{""source"": ""musicbrainz"", ""id"": ""ec57c22f-9bb7-48ab-aa85-dab108a71b53""}, {""source"": ""musicbrainz"", ""id"": ""ec57c22f-9bb7-48ab-aa85-dab108a71b53""}, {""source"": ""wikidata"", ""id"": ""Q734580""}]",4,high,mexico_signal|regional_genre_signal|multi_source_presence,
73c3f836-77a0-4bb1-a3d9-1a769dd98884,Marco Antonio Solís,marco antonio solis,Marco Antonio Solís|Marco Antonio Solís Sosa,MX|Mexico,ballad|latin|latin pop|mx_person|pop rock|ranchera,"[{""source"": ""musicbrainz"", ""id"": ""006631f4-5214-49ff-a386-a064853d1a1e""}, {""source"": ""musicbrainz"", ""id"": ""006631f4-5214-49ff-a386-a064853d1a1e""}, {""source"": ""wikidata"", ""id"": ""Q1627834""}]",4,high,mexico_signal|regional_genre_signal|multi_source_presence,
681aceed-fcbd-4288-875e-ef45f538af3d,David Záizar,david zaizar,David Záizar,Jalisco|MX|Mexico,mx_person|ranchera,"[{""source"": ""musicbrainz"", ""id"": ""327168e8-6cef-4626-b4fe-742032dfdab0""}, {""source"": ""wikidata"", ""id"": ""Q5241426""}]",4,high,mexico_signal|regional_genre_signal|multi_source_presence,
7ccbf45b-1856-41ca-bafb-04f30998b079,Lucero,lucero,Lucerito|Lucero|Lucero Hogaza León,Ciudad de México|MX|Mexico,Latin pop|ballade|latin|mx_person|national folk|pop|ranchera|regional Mexican,"[{""source"": ""musicbrainz"", ""id"": ""4befe93e-7cb6-4adb-b822-8b19ceb59768""}, {""source"": ""musicbrainz"", ""id"": ""4befe93e-7cb6-4adb-b822-8b19ceb59768""}, {""source"": ""wikidata"", ""id"": ""Q171463""}]",4,high,mexico_signal|regional_genre_signal|multi_source_presence,
5ce63195-2ec5-4afe-8595-2117a68762aa,Miguel Aceves Mejía,miguel aceves mejia,Miguel Aceves Mejía,Chihuahua|MX|Mexico,mx_person|ranchera,"[{""source"": ""musicbrainz"", ""id"": ""9f61287e-bfc4-4509-9364-d7bb750a7d7d""}, {""source"": ""musicbrainz"", ""id"": ""9f61287e-bfc4-4509-9364-d7bb750a7d7d""}, {""source"": ""wikidata"", ""id"": ""Q5368793""}]",4,high,mexico_signal|regional_genre_signal|multi_source_presence,
c371a540-103c-40da-aba6-f36e6ee7eea8,Pancho Barraza,pancho barraza,Francisco Javier Barraza Rodríguez|Jose Arriaga Barraza Rodríguez|Pancho Barraza,Guasave|MX|Mexico,banda|banda sinaloense|latin pop|mariachi|mx_person|ranchera|regional mexicano|tropical house,"[{""source"": ""musicbrainz"", ""id"": ""0556bfcd-52d0-4ec2-953d-52e93f2d2447""}, {""source"": ""musicbrainz"", ""id"": ""0556bfcd-52d0-4ec2-953d-52e93f2d2447""}, {""source"": ""wikidata"", ""id"": ""Q5483174""}]",4,high,mexico_signal|regional_genre_signal|multi_source_presence,
184ed8f8-801f-42b5-8f16-fee438032bc7,Paquita la del Barrio,paquita la del barrio,Francisca Viveros Barradas|Paquita la del Barrio,Alto Lucero|MX|Mexico,bolero|mx_person|ranchera|regional Mexican|regional mexicano,"[{""source"": ""musicbrainz"", ""id"": ""34d5c30f-55f5-4ab2-abce-2456a1ee0e01""}, {""source"": ""musicbrainz"", ""id"": ""34d5c30f-55f5-4ab2-abce-2456a1ee0e01""}, {""source"": ""wikidata"", ""id"": ""Q3043199""}]",4,high,mexico_signal|regional_genre_signal|multi_source_presence,
08d1f287-8797-406d-8100-acade03195c5,Tania Libertad,tania libertad,Tania Libertad,Lambayeque|MX|Mexico,bolero|latin|music of Latin America|mx_person|ranchera|trova,"[{""source"": ""musicbrainz"", ""id"": ""a4b9944c-57c9-4098-b011-259f47695b84""}, {""source"": ""musicbrainz"", ""id"": ""a4b9944c-57c9-4098-b011-259f47695b84""}, {""source"": ""wikidata"", ""id"": ""Q368927""}]",4,high,mexico_signal|regional_genre_signal|multi_source_presence,
d9ff8fe7-e731-4e71-a403-f656e1de96f0,Agustín Lara,agustin lara,A. Lara|Agustin Lara|Agustín Lara|Agustín Lara Aguirre del Pino|Alberto Lara|Augustín Lara|Ángel Agustín María Carlos Fausto Mariano Alfonso del Sagrado Corazón de Jesús Lara y Aguirre del Pino,MX|Mexico|Veracruz,bolero|latin|mexican|mexican composer|mx_person|ranchera|songwriter,"[{""source"": ""musicbrainz"", ""id"": ""8c8837b1-60cc-4bf4-b9bb-71ad2f757841""}, {""source"": ""musicbrainz"", ""id"": ""8c8837b1-60cc-4bf4-b9bb-71ad2f757841""}, {""source"": ""wikidata"", ""id"": ""Q399318""}]",4,high,mexico_signal|regional_genre_signal|multi_source_presence,
0d388e1a-ec2d-419e-8dd7-ba1d533c186a,Carin León,carin leon,Carin Leon|Carin León|Carín León|Óscar Armando Díaz de León Huez|Óscar Díaz de León,Hermosillo|MX|Mexico,Campirano|banda sinaloense|bolero|campirano|campirano-banda|conjunto|corrido|latin|mariachi|mx_person|norteño|norteño-banda|ranchera|reggaeton|regional Mexican|regional mexicano|sierreño|sierreño-banda|vallenato,"[{""source"": ""musicbrainz"", ""id"": ""db8efd58-7cd0-4ca8-a538-14ad6b44640b""}, {""source"": ""musicbrainz"", ""id"": ""db8efd58-7cd0-4ca8-a538-14ad6b44640b""}, {""source"": ""wikidata"", ""id"": ""Q97014977""}]",4,high,mexico_signal|regional_genre_signal|multi_source_presence,
6d43a981-faa7-41c7-ba3d-028371e23e65,Juan Mendoza,juan mendoza,El Tariácuri|Juan Mendoza|Juan Mendoza Garcia,MX|Mexico|Michoacán,mariachi|mx_person|ranchera|regional mexicano,"[{""source"": ""musicbrainz"", ""id"": ""2ff4cbba-941e-4c0e-8b2a-1814d0b0b831""}, {""source"": ""musicbrainz"", ""id"": ""2ff4cbba-941e-4c0e-8b2a-1814d0b0b831""}, {""source"": ""wikidata"", ""id"": ""Q16008418""}]",4,high,mexico_signal|regional_genre_signal|multi_source_presence,
62a99b0b-6a8b-4a1c-a031-312e4064aa2c,Amalia Mendoza,amalia mendoza,Amalia Mendoza|Amalia Mendoza Garcia|La Tariácuri,MX|Mexico|Michoacán,bolero|mariachi|mx_person|ranchera,"[{""source"": ""musicbrainz"", ""id"": ""8d3de53e-53aa-49be-b34b-e787262a891a""}, {""source"": ""musicbrainz"", ""id"": ""8d3de53e-53aa-49be-b34b-e787262a891a""}, {""source"": ""wikidata"", ""id"": ""Q4739403""}]",4,high,mexico_signal|regional_genre_signal|multi_source_presence,
e9fbe914-c712-4979-8827-99647f1ca2c4,Aída Cuevas,aida cuevas,Aida Cuevas|Aída Cuevas,Ciudad de México|MX|Mexico,mariachi|mx_person|ranchera,"[{""source"": ""musicbrainz"", ""id"": ""0f315d1c-8e91-44a7-b354-6c079ff726e1""}, {""source"": ""wikidata"", ""id"": ""Q2827769""}]",4,high,mexico_signal|regional_genre_signal|multi_source_presence,
ad18e55f-1513-453e-8667-e916751fcf4b,Mon Laferte,mon laferte,Mon Laferte|Monserrat Bustamante|Norma Monserrat Bustamante Laferte,MX|Mexico|Viña del Mar,Latin pop|alternative metal|alternative rock|art pop|bolero|indie pop|latin alternative|latin pop|mx_person|pop music|pop rock|ranchera|singer-songwriter,"[{""source"": ""musicbrainz"", ""id"": ""ab966c0f-e526-46ae-b492-82c27b87f81f""}, {""source"": ""musicbrainz"", ""id"": ""ab966c0f-e526-46ae-b492-82c27b87f81f""}, {""source"": ""wikidata"", ""id"": ""Q2836528""}]",4,high,mexico_signal|regional_genre_signal|multi_source_presence,
701ad2c2-febc-46ce-9bfa-d24160e7b362,Cornelio Reyna,cornelio reyna,Cornelio Reyna|Cornelio Reyna Cisneros,MX|Mexico|Saltillo,latin|mx_person|norteño|ranchera|regional mexicano,"[{""source"": ""musicbrainz"", ""id"": ""4ea5c4c2-07e9-4f6d-8a92-7d39c373e0f2""}, {""source"": ""musicbrainz"", ""id"": ""4ea5c4c2-07e9-4f6d-8a92-7d39c373e0f2""}, {""source"": ""wikidata"", ""id"": ""Q5171205""}]",4,high,mexico_signal|regional_genre_signal|multi_source_presence,
96e96b03-5c78-4321-9df7-d09a0feb29ba,Estela Núñez,estela nunez,Estela Núñez,Jalisco|MX|Mexico,bolero|mx_person|ranchera,"[{""source"": ""musicbrainz"", ""id"": ""73ab453d-f9e4-4f29-9d61-a12b19e2b97a""}, {""source"": ""musicbrainz"", ""id"": ""73ab453d-f9e4-4f29-9d61-a12b19e2b97a""}, {""source"": ""wikidata"", ""id"": ""Q5849252""}]",4,high,mexico_signal|regional_genre_signal|multi_source_presence,
08bd7db6-6731-4de4-ab7c-792744f21338,Lucha Villa,lucha villa,Lucha Villa|Luz Elena Ruiz Bejarano,Chihuahua|MX|Mexico,corrido|mx_person|méxico|ranchera|ranchero,"[{""source"": ""musicbrainz"", ""id"": ""342e6dc9-8b9d-4feb-b48a-cbb32c0429ae""}, {""source"": ""musicbrainz"", ""id"": ""342e6dc9-8b9d-4feb-b48a-cbb32c0429ae""}, {""source"": ""wikidata"", ""id"": ""Q6696561""}]",4,high,mexico_signal|regional_genre_signal|multi_source_presence,
b55538de-fe93-43cf-b93b-c758add0c320,Valentín Elizalde,valentin elizalde,Valentín Elizalde|Valentín Elizalde Valencia,MX|Mexico|Navojoa,27 club|banda sinaloense|corrido|mx_person|narcocorrido|norteño|regional Mexican|regional mexicano,"[{""source"": ""musicbrainz"", ""id"": ""f45cbc18-1561-4b76-9850-535e871cdd49""}, {""source"": ""musicbrainz"", ""id"": ""f45cbc18-1561-4b76-9850-535e871cdd49""}, {""source"": ""wikidata"", ""id"": ""Q963396""}]",4,high,mexico_signal|regional_genre_signal|multi_source_presence,
96ca56ac-9c5d-4d82-b8b8-2668461a8f04,Pedro Fernández,pedro fernandez,José Martín Cuevas Cobos|Pedrito Fernández|Pedro Fernández,Guadalajara|MX|Mexico,Latin pop|latin|mx_person|ranchera,"[{""source"": ""musicbrainz"", ""id"": ""ce0646e2-98a4-4698-a494-c45034a03192""}, {""source"": ""musicbrainz"", ""id"": ""ce0646e2-98a4-4698-a494-c45034a03192""}, {""source"": ""wikidata"", ""id"": ""Q2091672""}]",4,high,mexico_signal|regional_genre_signal|multi_source_presence,
514e4942-8a24-40c2-827f-2cb25bc74534,Yuridia,yuridia,Yuridia|Yuridia Francisca Gaxiola Flores,Hermosillo|MX|Mexico,banda sinaloense|latin|latin pop|mx_person|pop music|regional mexicano,"[{""source"": ""musicbrainz"", ""id"": ""15ba83b7-d89a-4dd6-9695-1290fb567493""}, {""source"": ""musicbrainz"", ""id"": ""15ba83b7-d89a-4dd6-9695-1290fb567493""}, {""source"": ""wikidata"", ""id"": ""Q2352901""}]",4,high,mexico_signal|regional_genre_signal|multi_source_presence,
e3ac3077-91be-407c-936c-27eb1d606564,Pedro Vargas,pedro vargas,Pedro Vargas|Pedro Vargas Mata,Guanajuato|MX|Mexico,bolero|crooner|music of Latin America|mx_person|ranchera|regional mexicano|tenor,"[{""source"": ""musicbrainz"", ""id"": ""6ace31a6-6b63-4f20-be6b-5e1f6b3377ac""}, {""source"": ""musicbrainz"", ""id"": ""6ace31a6-6b63-4f20-be6b-5e1f6b3377ac""}, {""source"": ""wikidata"", ""id"": ""Q977769""}]",4,high,mexico_signal|regional_genre_signal|multi_source_presence,
64c8bfc0-86a6-40dd-a89a-73348c52fa29,Alberto Vázquez,alberto vazquez,Alberto Vázquez,Guaymas|MX|Mexico,bolero|corrido|latin ballad|mx_person|ranchera|rock|rock and roll,"[{""source"": ""musicbrainz"", ""id"": ""35200f83-289b-4e51-94c8-792cfdf6fe08""}, {""source"": ""musicbrainz"", ""id"": ""35200f83-289b-4e51-94c8-792cfdf6fe08""}, {""source"": ""wikidata"", ""id"": ""Q5663665""}]",4,high,mexico_signal|regional_genre_signal|multi_source_presence,
571904ae-c100-4c8a-93b7-6c9a597fe13f,Lorenzo de Monteclaro,lorenzo de monteclaro,Lorenzo de Monteclaro,Durango|MX|Mexico,banda sinaloense|mx_person|norteño|regional mexicano,"[{""source"": ""musicbrainz"", ""id"": ""98dc0744-dd24-4f03-b1bc-43e938ee42b2""}, {""source"": ""musicbrainz"", ""id"": ""98dc0744-dd24-4f03-b1bc-43e938ee42b2""}, {""source"": ""wikidata"", ""id"": ""Q6680872""}]",4,high,mexico_signal|regional_genre_signal|multi_source_presence,
af4f705d-93bf-4512-a332-68714db2a61f,Juan Cirerol,juan cirerol,Juan Cirerol,MX|Mexicali|Mexico,alternative country|alternative folk|mx_person|regional mexicano|traditional folk music,"[{""source"": ""musicbrainz"", ""id"": ""9b33f643-2b14-4696-a13e-cf91197f9bf5""}, {""source"": ""musicbrainz"", ""id"": ""9b33f643-2b14-4696-a13e-cf91197f9bf5""}, {""source"": ""wikidata"", ""id"": ""Q12055018""}]",4,high,mexico_signal|regional_genre_signal|multi_source_presence,
bfd563f6-535b-47bf-9ce0-58da82ef8dee,Espinoza Paz,espinoza paz,Espinoza Paz|Isidro Chávez Espinoza,MX|Mexico|Sinaloa,banda sinaloense|corrido|latin|mariachi|mx_person|norteño|regional mexicano|sierreño,"[{""source"": ""musicbrainz"", ""id"": ""3c540922-e986-4f7f-87c9-8fe34ec72bb9""}, {""source"": ""musicbrainz"", ""id"": ""3c540922-e986-4f7f-87c9-8fe34ec72bb9""}, {""source"": ""wikidata"", ""id"": ""Q3373418""}]",4,high,mexico_signal|regional_genre_signal|multi_source_presence,
42b9677f-7ced-4402-a7f9-e28572f9c90b,Christian Nodal,christian nodal,Christian Jaime González Nodal|Christian Nodal,MX|Mexico|Sonora,mariachi|mx_person|ranchera|regional mexicano|vivo en el 6,"[{""source"": ""musicbrainz"", ""id"": ""7f464f95-2410-4040-a88e-1dbe96f17fcd""}, {""source"": ""musicbrainz"", ""id"": ""7f464f95-2410-4040-a88e-1dbe96f17fcd""}, {""source"": ""wikidata"", ""id"": ""Q30905763""}]",4,high,mexico_signal|regional_genre_signal|multi_source_presence,
3d4fbceb-a6a4-4d57-827b-c1e6d0df24c2,Beto Quintanilla,beto quintanilla,Beto Quintanilla|Norberto Quintanilla Iracheta,General Terán|MX|Mexico,corridos|mx_person|narcocorridos,"[{""source"": ""musicbrainz"", ""id"": ""abca3ff6-84f8-4b0a-8d8a-bb2f39779ace""}, {""source"": ""musicbrainz"", ""id"": ""abca3ff6-84f8-4b0a-8d8a-bb2f39779ace""}, {""source"": ""wikidata"", ""id"": ""Q4898163""}]",4,high,mexico_signal|regional_genre_signal|multi_source_presence,
cdab41c4-035d-4c37-9bf1-7fdbf3f9dcc1,El Chapo de Sinaloa,el chapo de sinaloa,El Chapo de Sinaloa|Ernesto Perez Zagaste|Ernesto Pérez|Ernesto Pérez Zagaste,Badiraguato|MX|Mexico,mx_person|norteño|regional mexicano,"[{""source"": ""musicbrainz"", ""id"": ""a7e2a52b-db71-4ef1-892b-4a1b8a3825e5""}, {""source"": ""musicbrainz"", ""id"": ""a7e2a52b-db71-4ef1-892b-4a1b8a3825e5""}, {""source"": ""wikidata"", ""id"": ""Q3049789""}]",4,high,mexico_signal|regional_genre_signal|multi_source_presence,
3ffcd053-4da3-4e81-ade2-92f584f99877,Lucha Reyes,lucha reyes,Lucha Reyes,Jalisco|MX|Mexico,mx_person|ranchera,"[{""source"": ""musicbrainz"", ""id"": ""db7bc2ac-8d89-4601-b719-356cd93eb0f3""}, {""source"": ""wikidata"", ""id"": ""Q953170""}]",4,high,mexico_signal|regional_genre_signal|multi_source_presence,
4c8e10e7-2edf-42bc-a289-88814a3a4e05,Carlos Rivera,carlos rivera,Carlos Rivera|Carlos Rivera Guerra,MX|Mexico,Latin pop|ballad|latin|latin pop|mariachi|mx_person|ranchera,"[{""source"": ""musicbrainz"", ""id"": ""63b7412b-54f1-4568-a6b8-25194699ca96""}, {""source"": ""musicbrainz"", ""id"": ""63b7412b-54f1-4568-a6b8-25194699ca96""}, {""source"": ""wikidata"", ""id"": ""Q5042560""}]",4,high,mexico_signal|regional_genre_signal|multi_source_presence,
b60edc76-4a59-4578-9489-49a56dfccb9c,Junior H,junior h,Antonio Herrera Pérez|Junior H,Guanajuato|MX|Mexico,Latin trap|corrido tumbado|corridos tumbados|mx_person|regional Mexican|regional mexicano,"[{""source"": ""musicbrainz"", ""id"": ""af1b83bb-3edc-4443-b771-67a1d235e82b""}, {""source"": ""musicbrainz"", ""id"": ""af1b83bb-3edc-4443-b771-67a1d235e82b""}, {""source"": ""wikidata"", ""id"": ""Q109569656""}]",4,high,mexico_signal|regional_genre_signal|multi_source_presence,
09f13352-30c8-4ec0-b7c9-687627a738f9,Peso Pluma,peso pluma,Doble P|Hassan Emilio Kabande Laija|Peso Pluma,MX|Mexico|Zapopan,Latin trap|corrido tumbado|corridos tumbados|cumbia norteña mexicana|mx_person|reggaeton|regional Mexican|regional mexicano,"[{""source"": ""musicbrainz"", ""id"": ""75e4f8ef-34c3-44fd-8467-88a7d9599f77""}, {""source"": ""musicbrainz"", ""id"": ""75e4f8ef-34c3-44fd-8467-88a7d9599f77""}, {""source"": ""spotify"", ""id"": ""sample_spotify_1""}, {""source"": ""wikidata"", ""id"": ""Q117242724""}]",4,high,mexico_signal|regional_genre_signal|multi_source_presence,
9375eafa-2451-4cec-9b47-6c2d6c801822,Julio Preciado,julio preciado,Julio Cesar Preciado Quevedo|Julio César Preciado Quevedo|Julio Preciado,MX|Mazatlan|Mexico,banda sinaloense|mx_person|regional mexicano,"[{""source"": ""musicbrainz"", ""id"": ""26799dd8-4efe-49bc-a8d1-d0dd778a267f""}, {""source"": ""musicbrainz"", ""id"": ""26799dd8-4efe-49bc-a8d1-d0dd778a267f""}, {""source"": ""wikidata"", ""id"": ""Q6309481""}]",4,high,mexico_signal|regional_genre_signal|multi_source_presence,
7b3a69a9-37bc-45a4-94b2-6840e2dd64ff,El Fantasma,el fantasma,Alexander Garcia|Alexander Garcia Sánchez|El Fantasma,MX|Mexico,banda sinaloense|corrido|mariachi|mx_person|norteño|norteño-banda|ranchera|regional Mexican|regional mexicano|sierreño|sierreño-banda,"[{""source"": ""musicbrainz"", ""id"": ""576c18cd-f18a-4701-baf3-45edc8f85bd9""}, {""source"": ""musicbrainz"", ""id"": ""576c18cd-f18a-4701-baf3-45edc8f85bd9""}, {""source"": ""wikidata"", ""id"": ""Q98853525""}]",4,high,mexico_signal|regional_genre_signal|multi_source_presence,
6ccdc7c5-7673-4a0b-ad9c-30a5abf5fc44,Ángela Aguilar,angela aguilar,Ángela Aguilar|Ángela Aguilar Álvarez-Alcalá,Los Angeles|MX|Mexico,latin|mariachi|mx_person|ranchera,"[{""source"": ""musicbrainz"", ""id"": ""cda7b93f-f9e9-4a1b-b66a-7d0c8678d4ae""}, {""source"": ""musicbrainz"", ""id"": ""cda7b93f-f9e9-4a1b-b66a-7d0c8678d4ae""}, {""source"": ""wikidata"", ""id"": ""Q56162397""}]",4,high,mexico_signal|regional_genre_signal|multi_source_presence,
f1fe206c-765f-49ea-a07f-06762892dcec,Lupe Mejía,lupe mejia,Lupe Mejía,Ciudad Obregón|MX|Mexico,mx_person|ranchera,"[{""source"": ""musicbrainz"", ""id"": ""52ed19f4-cfc3-45fe-a4e8-7bdf56e716c9""}, {""source"": ""wikidata"", ""id"": ""Q96149779""}]",4,high,mexico_signal|regional_genre_signal|multi_source_presence,
f217f17a-2228-4c47-943a-62da3db90f16,Federico Villa,federico villa,Federico Villa,MX|Mexico|Zamora,latin|mx_person|ranchera|regional mexicano,"[{""source"": ""musicbrainz"", ""id"": ""a07e570c-2672-4804-950f-066bacacd1b6""}, {""source"": ""musicbrainz"", ""id"": ""a07e570c-2672-4804-950f-066bacacd1b6""}, {""source"": ""wikidata"", ""id"": ""Q124004664""}]",4,high,mexico_signal|regional_genre_signal|multi_source_presence,
3a5bcae7-8dd9-4e4f-a4b2-52379f507dcf,Pablo Montero,pablo montero,Pablo Montero,MX|Mexico,mx_person|ranchera,"[{""source"": ""musicbrainz"", ""id"": ""8a2e86ca-2153-4ba1-b2c2-2a525c2bd665""}, {""source"": ""wikidata"", ""id"": ""Q521235""}]",4,high,mexico_signal|regional_genre_signal|multi_source_presence,
cf04bd3a-e071-4804-a203-8b62752f6ce0,Lenin Ramírez,lenin ramirez,Jesús Lenin Cota Ramírez|Lenin Ramírez,MX|Mexico|Sinaloa,latin|mx_person|narcocorrido|norteño|norteño-banda|regional Mexican|regional mexicano|sierreño|sierreño-banda,"[{""source"": ""musicbrainz"", ""id"": ""de8d1217-bb9d-4e6b-936c-b74d73a334ce""}, {""source"": ""musicbrainz"", ""id"": ""de8d1217-bb9d-4e6b-936c-b74d73a334ce""}, {""source"": ""wikidata"", ""id"": ""Q110148599""}]",4,high,mexico_signal|regional_genre_signal|multi_source_presence,
d23d16af-3afe-4aad-8c60-62afe51f4217,Luis Aguilar,luis aguilar,Luis Aguilar,Hermosillo|MX|Mexico,mariachi|mx_person|ranchera,"[{""source"": ""musicbrainz"", ""id"": ""216a028c-492b-46df-b492-6d08ba1714d9""}, {""source"": ""wikidata"", ""id"": ""Q951330""}]",4,high,mexico_signal|regional_genre_signal|multi_source_presence,
e3aa4832-ce04-4a91-84f1-02bbf3c8574a,Alfredo Olivas,alfredo olivas,Alfredo Olivas|José Alfredo Olivas Roja,Ciudad Obregón|MX|Mexico,2010s|banda|corrido|mx_person|narcocorrido|norteño|ranchera|regional mexican,"[{""source"": ""musicbrainz"", ""id"": ""ea19b7eb-24ed-4531-b29a-90319add2821""}, {""source"": ""musicbrainz"", ""id"": ""ea19b7eb-24ed-4531-b29a-90319add2821""}, {""source"": ""wikidata"", ""id"": ""Q20714558""}]",4,high,mexico_signal|regional_genre_signal|multi_source_presence,
5ef1e1a4-c25f-4962-b24f-636054ef7daa,María de Lourdes,maria de lourdes,María de Lourdes,Ciudad de México|MX|Mexico,bolero|latin|mx_person|ranchera,"[{""source"": ""musicbrainz"", ""id"": ""3b4ea984-5b9b-4d8e-93fd-ca8c93712ff2""}, {""source"": ""musicbrainz"", ""id"": ""3b4ea984-5b9b-4d8e-93fd-ca8c93712ff2""}, {""source"": ""wikidata"", ""id"": ""Q6004811""}]",4,high,mexico_signal|regional_genre_signal|multi_source_presence,
00c4c6bd-b2c7-4a69-99b7-869b98dd9d0b,Lalo Mora,lalo mora,"Eduardo Mora Hernàndez|Lalo Mora|Lalo Mora, Sr.",MX|Mexico|Nuevo León,mx_person|norteño|regional Mexican|regional mexicano,"[{""source"": ""musicbrainz"", ""id"": ""8e47a469-d4ba-45ad-aba0-7272f1bc368f""}, {""source"": ""musicbrainz"", ""id"": ""8e47a469-d4ba-45ad-aba0-7272f1bc368f""}, {""source"": ""wikidata"", ""id"": ""Q99491001""}]",4,high,mexico_signal|regional_genre_signal|multi_source_presence,
a694b730-fc9f-4878-9aee-fc338331b411,Manolo Muñoz,manolo munoz,Manolo Muñoz,Jalisco|MX|Mexico,mx_person|ranchera|rock|rock and roll,"[{""source"": ""musicbrainz"", ""id"": ""5bf3674e-7258-42d3-8d36-a2d7a19ca4cb""}, {""source"": ""musicbrainz"", ""id"": ""5bf3674e-7258-42d3-8d36-a2d7a19ca4cb""}, {""source"": ""wikidata"", ""id"": ""Q6751250""}]",4,high,mexico_signal|regional_genre_signal|multi_source_presence,
da19c02e-eb3e-413f-a43f-4bc71f1072ff,Noel Torres,noel torres,Jesús Noel Torres Astorga|Noel Torres,Badiraguato|MX|Mexico,banda sinaloense|corrido|mx_person|norteño|norteño-banda|regional mexicano,"[{""source"": ""musicbrainz"", ""id"": ""276c20a0-7063-4ab4-9b10-ac189ee9bdb5""}, {""source"": ""musicbrainz"", ""id"": ""276c20a0-7063-4ab4-9b10-ac189ee9bdb5""}, {""source"": ""wikidata"", ""id"": ""Q30905644""}]",4,high,mexico_signal|regional_genre_signal|multi_source_presence,
8534ec8a-dc66-4b02-9b50-d6c256088a9e,Darina,darina,Darina,MX|Mexico|Pachuca,folk music|jazz|mx_person|pop music|ranchera|rock music,"[{""source"": ""musicbrainz"", ""id"": ""9ae77eac-48c4-4e67-a792-01b9bd9f6e7e""}, {""source"": ""wikidata"", ""id"": ""Q4155082""}]",4,high,mexico_signal|regional_genre_signal|multi_source_presence,
5f16a7d8-0c80-499a-a9b6-628c1ab32064,Joss Favela,joss favela,Joss Favela|José Alberto Inzunza Favela,Guamúchil|MX|Mexico,banda sinaloense|latin|latin pop|mx_person|norteño|pop|regional mexicano|sierreño,"[{""source"": ""musicbrainz"", ""id"": ""3d40a821-b8b0-4e12-bd8a-61611881f237""}, {""source"": ""musicbrainz"", ""id"": ""3d40a821-b8b0-4e12-bd8a-61611881f237""}, {""source"": ""wikidata"", ""id"": ""Q55834726""}]",4,high,mexico_signal|regional_genre_signal|multi_source_presence,
28e0dab6-ba40-41ce-b063-62f46642e421,Nadia,nadia,Nadia,MX|Mexico,Latin pop|mariachi|mx_person|regional Mexican,"[{""source"": ""musicbrainz"", ""id"": ""49cca273-6cf5-4167-b394-fea92af970b6""}, {""source"": ""musicbrainz"", ""id"": ""10f7cc93-e915-4849-bfc0-8434cdd3ac4d""}, {""source"": ""wikidata"", ""id"": ""Q3244985""}]",4,high,mexico_signal|regional_genre_signal|multi_source_presence,
78097bfc-6cbf-43bf-b886-e93443c49d76,Alejandra Ávalos,alejandra avalos,Alejandra Margarita Ávalos Rodríguez|Alejandra Ávalos,Ciudad de México|MX|Mexico,adult contemporary music|big band music|bolero|electronic dance music|jazz fusion|mx_person|new age music|pop music|pop rock|ranchera,"[{""source"": ""musicbrainz"", ""id"": ""663ccf5a-1ba6-4f79-bb0e-10bcc22ca15d""}, {""source"": ""wikidata"", ""id"": ""Q8194010""}]",4,high,mexico_signal|regional_genre_signal|multi_source_presence,
6af3964b-d222-46c2-9c95-d4fac5fbc5b0,Dora María,dora maria,Dora María|Dora María Pérez Vidal,MX|Mexico|Villahermosa,mx_person|ranchera,"[{""source"": ""musicbrainz"", ""id"": ""344c1a3b-db98-49d7-a74e-76d5319897b5""}, {""source"": ""musicbrainz"", ""id"": ""344c1a3b-db98-49d7-a74e-76d5319897b5""}, {""source"": ""wikidata"", ""id"": ""Q27119461""}]",4,high,mexico_signal|regional_genre_signal|multi_source_presence,
e61fafe6-051d-4035-b9ab-726e2cc72a49,Diana Reyes,diana reyes,Diana Estela Polanco Reyes|Diana Reyes|La Reina del Pasito Duranguense,La Paz|MX|Mexico,duranguense|mx_person,"[{""source"": ""musicbrainz"", ""id"": ""6704755a-4d98-45e2-ad63-274f17cc5004""}, {""source"": ""musicbrainz"", ""id"": ""6704755a-4d98-45e2-ad63-274f17cc5004""}, {""source"": ""wikidata"", ""id"": ""Q5271281""}]",4,high,mexico_signal|regional_genre_signal|multi_source_presence,
df081f23-ea93-4630-89f3-14133ea10122,Remmy Valenzuela,remmy valenzuela,Remigio Alejandro Valenzuela Buelna|Remmy Valenzuela,Guasave|MX|Mexico,banda music|corrido|mx_person|narcocorrido|norteño|norteño-banda|regional Mexican|regional mexicano,"[{""source"": ""musicbrainz"", ""id"": ""294f71b3-e120-424a-bae9-34acbd56d64f""}, {""source"": ""musicbrainz"", ""id"": ""294f71b3-e120-424a-bae9-34acbd56d64f""}, {""source"": ""wikidata"", ""id"": ""Q28401361""}]",4,high,mexico_signal|regional_genre_signal|multi_source_presence,
20ed13cf-5980-45e4-a3c7-15c15316a2b7,Fernando Fernández,fernando fernandez,Fernando Fernández,MX|Mexico|Monterrey,bolero|mx_person|ranchera,"[{""source"": ""musicbrainz"", ""id"": ""17104cc4-f296-4494-84f2-266c35f2e4f3""}, {""source"": ""musicbrainz"", ""id"": ""17104cc4-f296-4494-84f2-266c35f2e4f3""}, {""source"": ""wikidata"", ""id"": ""Q5444704""}]",4,high,mexico_signal|regional_genre_signal|multi_source_presence,
45527af2-e5b8-4605-9b8a-c112ce1c0db9,Pepe Villa,pepe villa,José Villa Pérez|Pepe Villa,Jalisco|MX|Mexico,mariachi|mx_person,"[{""source"": ""musicbrainz"", ""id"": ""92be7411-5a2a-4e27-be9c-4510693976b6""}, {""source"": ""musicbrainz"", ""id"": ""92be7411-5a2a-4e27-be9c-4510693976b6""}, {""source"": ""wikidata"", ""id"": ""Q6071855""}]",4,high,mexico_signal|regional_genre_signal|multi_source_presence,
a75aabee-e267-4259-8a99-a5825014e885,Miguel Martínez,miguel martinez,Miguel Martínez,Celaya|MX|Mexico,mariachi|mx_person,"[{""source"": ""musicbrainz"", ""id"": ""8daaef46-820d-437e-9094-f29c473777e6""}, {""source"": ""musicbrainz"", ""id"": ""8daaef46-820d-437e-9094-f29c473777e6""}, {""source"": ""wikidata"", ""id"": ""Q3312981""}]",4,high,mexico_signal|regional_genre_signal|multi_source_presence,
12732a3a-3cae-4472-90d3-d741cba451e3,Chino Pacas,chino pacas,Chino Pacas|Cristian Humberto Ávila Vega,Guanajuato|MX|Mexico,corridos tumbados|mx_person|regional Mexican,"[{""source"": ""musicbrainz"", ""id"": ""d4065b73-145c-4b82-a474-b622474dd5a1""}, {""source"": ""wikidata"", ""id"": ""Q117317902""}]",4,high,mexico_signal|regional_genre_signal|multi_source_presence,
6e0a3a0d-9127-4687-85db-71251661ad81,Rosa de Castilla,rosa de castilla,María Victoria Ledesma Cuevas|Rosa de Castilla,Jalisco|MX|Mexico,mx_person|ranchera,"[{""source"": ""musicbrainz"", ""id"": ""ce5b966a-083b-4369-bd20-021c0112ecec""}, {""source"": ""musicbrainz"", ""id"": ""ce5b966a-083b-4369-bd20-021c0112ecec""}, {""source"": ""wikidata"", ""id"": ""Q6112263""}]",4,high,mexico_signal|regional_genre_signal|multi_source_presence,
8f4b4450-60e6-4430-a467-ceb61c2b999a,Victor Cibrian,victor cibrian,Victor Cibrian|Victor Manuel Valdez Cibrian|Víctor Cibrián,MX|Mexico|Puerto Vallarta,campirano|corrido|corrido tumbado|corridos tumbados|mx_person|norteño|norteño-banda|regional Mexican|regional mexicano,"[{""source"": ""musicbrainz"", ""id"": ""833c35f1-afb5-48de-8941-ce7276678802""}, {""source"": ""musicbrainz"", ""id"": ""833c35f1-afb5-48de-8941-ce7276678802""}, {""source"": ""wikidata"", ""id"": ""Q116780649""}]",4,high,mexico_signal|regional_genre_signal|multi_source_presence,
04acd818-b0e1-4871-99db-ce0992d22355,Severiano Briseño,severiano briseno,Severiano Briseño|Severiano Briseño Chavez|Severiano Briseño Chávez,MX|Mexico|San Luis Potosí,bolero son|mx_person|ranchera|regional mexicano,"[{""source"": ""musicbrainz"", ""id"": ""0d82a644-b066-4ad2-9c3e-5e45285019c9""}, {""source"": ""musicbrainz"", ""id"": ""0d82a644-b066-4ad2-9c3e-5e45285019c9""}, {""source"": ""wikidata"", ""id"": ""Q6126370""}]",4,high,mexico_signal|regional_genre_signal|multi_source_presence,
9f3d1a1f-3354-4af6-bf01-13d46ea81fd7,Andrés Vega Delfín,andres vega delfin,Andrés Vega Delfín,MX|Mexico|Veracruz,latin|mx_person|regional mexicano|son jarocho,"[{""source"": ""musicbrainz"", ""id"": ""91bbc678-2174-463d-8605-9da704f1cf72""}, {""source"": ""musicbrainz"", ""id"": ""91bbc678-2174-463d-8605-9da704f1cf72""}, {""source"": ""wikidata"", ""id"": ""Q117477984""}]",4,high,mexico_signal|regional_genre_signal|multi_source_presence,
6f1d1e05-e338-4608-9a27-6b22231535fe,Guadalupe la Chinaca,guadalupe la chinaca,Guadalupe la Chinaca|La Chica Pampera,MX|Mexico|Veracruz,bolero|mx_person|ranchera|tango,"[{""source"": ""musicbrainz"", ""id"": ""8b7fe32c-e61e-4aca-986f-d23ddd1dcf48""}, {""source"": ""wikidata"", ""id"": ""Q19395609""}]",4,high,mexico_signal|regional_genre_signal|multi_source_presence,
c55db8ef-d92f-40f0-a6b9-44dffa1d4a9c,Catarino Leos,catarino leos,Catarino Leos|Catarino Leos Rodríguez,MX|Mexico|Tamaulipas,mx_person|norteño|regional Mexican|regional mexicano|songwriter,"[{""source"": ""musicbrainz"", ""id"": ""426a63a0-4fdf-43e6-8881-0ac500cde69a""}, {""source"": ""musicbrainz"", ""id"": ""426a63a0-4fdf-43e6-8881-0ac500cde69a""}, {""source"": ""wikidata"", ""id"": ""Q130758631""}]",4,high,mexico_signal|regional_genre_signal|multi_source_presence,
81cf514d-8c9a-44a8-b337-61c25f2a4dda,Leonardo Aguilar,leonardo aguilar,Leonardo Aguilar|Leonardo Antonio Aguilar|Leonardo Antonio Aguilar Alvarez Alcala|Leonardo Antonio Aguilar Álvarez Alcalá,Ciudad de México|MX|Mexico,latin pop|mx_person|norteño|pop|ranchera|regional mexicano|rock,"[{""source"": ""musicbrainz"", ""id"": ""df6ef7ad-8064-40d0-9c6b-9ad6dea9a62b""}, {""source"": ""musicbrainz"", ""id"": ""df6ef7ad-8064-40d0-9c6b-9ad6dea9a62b""}, {""source"": ""wikidata"", ""id"": ""Q41447909""}]",4,high,mexico_signal|regional_genre_signal|multi_source_presence,
194330a9-4996-478f-9a19-2db299cbbbcd,La Consentida,la consentida,La Consentida|María de los Ángeles Loya Sáenz,MX|Mexico|Parral,mx_person|ranchera,"[{""source"": ""musicbrainz"", ""id"": ""f60bc48d-9570-4377-8e10-e700a46bed6f""}, {""source"": ""wikidata"", ""id"": ""Q27044950""}]",4,high,mexico_signal|regional_genre_signal|multi_source_presence,
5a79ba8b-c8af-4373-8bbb-536295e36ee9,Rubén Fuentes,ruben fuentes,Rubén Fuentes|Rubén Fuentes Gassón,Jalisco|MX|Mexico,mariachi|mx_person,"[{""source"": ""musicbrainz"", ""id"": ""cfbff820-f713-482c-afb5-04f0b82a1872""}, {""source"": ""musicbrainz"", ""id"": ""cfbff820-f713-482c-afb5-04f0b82a1872""}, {""source"": ""wikidata"", ""id"": ""Q1529811""}]",4,high,mexico_signal|regional_genre_signal|multi_source_presence,
13cf1821-db2c-4e37-9d19-7bebab9afb22,Jesús Rodríguez de Hijar,jesus rodriguez de hijar,Jesús Rodríguez de Hijar,Ciudad de México|Mexico|Tequila,mariachi|mx_person|ranchera,"[{""source"": ""musicbrainz"", ""id"": ""59b23394-4d6c-4182-a2e4-e1e7f6fb6189""}, {""source"": ""musicbrainz"", ""id"": ""59b23394-4d6c-4182-a2e4-e1e7f6fb6189""}, {""source"": ""wikidata"", ""id"": ""Q97672242""}]",4,high,mexico_signal|regional_genre_signal|multi_source_presence,
84f3c062-91f0-497f-8ca4-97b5e368aeb6,Juan Solo,juan solo,Juan Alberto Solís Cosío|Juan Solo,Ciudad de México|Mexico|Puebla,bolero|fandango|latin pop|mx_person|regional mexicano|rock urbano mexicano,"[{""source"": ""musicbrainz"", ""id"": ""921783c1-526e-41e6-ba7e-b4a4a1b06eb2""}, {""source"": ""musicbrainz"", ""id"": ""921783c1-526e-41e6-ba7e-b4a4a1b06eb2""}, {""source"": ""wikidata"", ""id"": ""Q56317439""}]",4,high,mexico_signal|regional_genre_signal|multi_source_presence,
5b5d8274-75d6-461f-bf0e-df97cb48dccf,Fernando Z. Maldonado,fernando z maldonado,Fernando Z. Maldonado|Fernando Zenaido Maldonado Rivera,MX|Mexico,composer|mx_person|ranchera,"[{""source"": ""musicbrainz"", ""id"": ""0ea5457c-d57f-4406-b32d-43c6a68146a9""}, {""source"": ""musicbrainz"", ""id"": ""0ea5457c-d57f-4406-b32d-43c6a68146a9""}, {""source"": ""wikidata"", ""id"": ""Q5860416""}]",4,high,mexico_signal|regional_genre_signal|multi_source_presence,
893a9d3d-63dc-4fe6-85f0-f133b599ae55,Ignacio Fernández Esperón,ignacio fernandez esperon,Fernandez Esperon|Fernández Esperón|Ignacio Fernandez Esperon|Ignacio Fernández Esperón|Nacho,MX|Mexico|Oaxaca de Juárez,mx_person|ranchera|regional mexicano,"[{""source"": ""musicbrainz"", ""id"": ""99bade0e-33d0-42bb-9a54-7ce2b023b6ed""}, {""source"": ""musicbrainz"", ""id"": ""99bade0e-33d0-42bb-9a54-7ce2b023b6ed""}, {""source"": ""wikidata"", ""id"": ""Q3179566""}]",4,high,mexico_signal|regional_genre_signal|multi_source_presence,
454c30d0-e4e0-4a6e-a31f-1a49bb7f0b8e,Nicandro Castillo,nicandro castillo,Nicandro Castillo|Nicandro Castillo Gómez,Hidalgo|MX|Mexico,banda sinaloense|bolero|mexican bolero|mx_person|norteño|ranchera|regional mexicano,"[{""source"": ""musicbrainz"", ""id"": ""d75ff439-e91c-4c2c-b654-bd5a7da5ef56""}, {""source"": ""musicbrainz"", ""id"": ""d75ff439-e91c-4c2c-b654-bd5a7da5ef56""}, {""source"": ""wikidata"", ""id"": ""Q6041836""}]",4,high,mexico_signal|regional_genre_signal|multi_source_presence,
4de673fc-d2ff-4887-8a42-4bee215b5013,Avelina Landín,avelina landin,Avelina Landín|Avelina Landín Rodríguez,Ciudad de México|MX|Mexico,bolero|latin|mariachi|mx_person|ranchera,"[{""source"": ""musicbrainz"", ""id"": ""efd48cc2-e252-4240-a470-d63368e1996a""}, {""source"": ""musicbrainz"", ""id"": ""efd48cc2-e252-4240-a470-d63368e1996a""}, {""source"": ""wikidata"", ""id"": ""Q23015773""}]",4,high,mexico_signal|regional_genre_signal|multi_source_presence,
22f09fb2-1341-497c-8896-9e2e13d20887,Silvestre Vargas,silvestre vargas,Silvestre Vargas,MX|Mexico|Tecalitlán,mariachi|mx_person,"[{""source"": ""musicbrainz"", ""id"": ""e46d05e9-c48b-4768-b835-0d22a0c1f3c4""}, {""source"": ""musicbrainz"", ""id"": ""e46d05e9-c48b-4768-b835-0d22a0c1f3c4""}, {""source"": ""wikidata"", ""id"": ""Q7516936""}]",4,high,mexico_signal|regional_genre_signal|multi_source_presence,
3edab1c7-4fe3-4a7f-b596-9dd2a216d9cd,Alfonso Esparza Oteo,alfonso esparza oteo,Alfonso Esparza Oteo,Aguascalientes|MX|Mexico,mx_person|regional mexicano,"[{""source"": ""musicbrainz"", ""id"": ""3cb7e978-bb64-4d67-a231-e6bba37410f7""}, {""source"": ""musicbrainz"", ""id"": ""3cb7e978-bb64-4d67-a231-e6bba37410f7""}, {""source"": ""wikidata"", ""id"": ""Q4722026""}]",4,high,mexico_signal|regional_genre_signal|multi_source_presence,
a51076c1-0545-419c-8e47-fd69bf0a07f9,Lilia Guízar,lilia guizar,Lilia Guízar,MX|Mexico,bolero|mx_person|pop music|ranchera|tropical music,"[{""source"": ""musicbrainz"", ""id"": ""77841c3a-15b3-4608-b4bf-4ca93f626462""}, {""source"": ""wikidata"", ""id"": ""Q138509264""}]",4,high,mexico_signal|regional_genre_signal|multi_source_presence,
236df80a-df1f-4300-bc69-f2ac67ac52c8,Blnko,blnko,Blnko,MX|Mexico,corridos tumbados|emo|emo rock|hip-hop|indie rock|mx_person|pop-punk|trap music,"[{""source"": ""musicbrainz"", ""id"": ""c08b1fed-ba6f-462e-b676-8feec8e2d9ce""}, {""source"": ""wikidata"", ""id"": ""Q123102443""}]",4,high,mexico_signal|regional_genre_signal|multi_source_presence,
3c3aeabd-bc0b-4f8a-b2b9-2afb9e391d4f,Rosy Arango,rosy arango,Rosy Arango,MX|Mexico,mariachi|mx_person|regional Mexican,"[{""source"": ""musicbrainz"", ""id"": ""4217b2dd-b923-4d48-b305-7ff5a48b864f""}, {""source"": ""wikidata"", ""id"": ""Q106360801""}]",4,high,mexico_signal|regional_genre_signal|multi_source_presence,
d44972a3-c6e3-4319-9632-7740e2880632,Julián Garza,julian garza,El Viejo Paulino|Julian Garza Arredondo|Julián Garza|Julián Garza Arredondo,MX|Mexico|Nuevo León,corrido|mx_person|norteño|regional mexicano,"[{""source"": ""musicbrainz"", ""id"": ""8a99de04-c654-4177-a9c7-d3139c25aaa4""}, {""source"": ""musicbrainz"", ""id"": ""8a99de04-c654-4177-a9c7-d3139c25aaa4""}, {""source"": ""wikidata"", ""id"": ""Q16326128""}]",4,high,mexico_signal|regional_genre_signal|multi_source_presence,
ae750e74-964b-4f01-9fd2-525cc86588a3,Mariachi Vargas de Tecalitlán,mariachi vargas de tecalitlan,Mariachi Vargas|Mariachi Vargas De Tecatitlán|Mariachi Vargas de Tecalitlán|The Mariachi Vargas de Tecalitlar,MX|Mexico|Tecalitlán,latin|mariachi|mx_group|ranchera|regional Mexican|son jaliscience,"[{""source"": ""musicbrainz"", ""id"": ""0af02af6-311a-4ce3-a3e3-9b17c498f297""}, {""source"": ""musicbrainz"", ""id"": ""0af02af6-311a-4ce3-a3e3-9b17c498f297""}, {""source"": ""wikidata"", ""id"": ""Q1184884""}]",4,high,mexico_signal|regional_genre_signal|multi_source_presence,
0488b750-72a6-4555-8c03-599ba86e8c9d,Bronco,bronco,Bronco|El Gigante de America,Apodaca|MX|Mexico,mx_group|norteño,"[{""source"": ""musicbrainz"", ""id"": ""5b10d2e8-b4d7-420a-a914-9c6504ff18e9""}, {""source"": ""musicbrainz"", ""id"": ""5b10d2e8-b4d7-420a-a914-9c6504ff18e9""}, {""source"": ""wikidata"", ""id"": ""Q2926060""}]",4,high,mexico_signal|regional_genre_signal|multi_source_presence,
55383da3-4c00-4259-a02d-e36defa9ae54,Los Rieleros del Norte,los rieleros del norte,Los Rieleros del Norte,Chihuahua|MX|Mexico,mx_group|norteño|regional mexicano,"[{""source"": ""musicbrainz"", ""id"": ""f659508e-5ed6-49a3-a15f-66628c98eb0e""}, {""source"": ""musicbrainz"", ""id"": ""f659508e-5ed6-49a3-a15f-66628c98eb0e""}, {""source"": ""wikidata"", ""id"": ""Q6683227""}]",4,high,mexico_signal|regional_genre_signal|multi_source_presence,
fd0e7def-99d2-4bdb-9609-a69af2f040bb,Banda Machos,banda machos,Banda Macho|Banda Machos,Jalisco|MX|Mexico,banda|cumbia|mx_group,"[{""source"": ""musicbrainz"", ""id"": ""46a7282b-af3e-4e4f-badb-41d2e12d1a19""}, {""source"": ""musicbrainz"", ""id"": ""59fea619-d765-40dc-be51-ae851b9c835f""}, {""source"": ""musicbrainz"", ""id"": ""46a7282b-af3e-4e4f-badb-41d2e12d1a19""}, {""source"": ""musicbrainz"", ""id"": ""59fea619-d765-40dc-be51-ae851b9c835f""}, {""source"": ""wikidata"", ""id"": ""Q4854297""}]",4,high,mexico_signal|regional_genre_signal|multi_source_presence,
def5cd85-94e4-491e-95af-013ba804fa32,Grupo Exterminador,grupo exterminador,Grupo Exterminador,MX|Mexico,mx_group|norteño,"[{""source"": ""musicbrainz"", ""id"": ""4ab82ffb-44c5-4b54-9bbf-bfd2fbea40a5""}, {""source"": ""wikidata"", ""id"": ""Q5612212""}]",4,high,mexico_signal|regional_genre_signal|multi_source_presence,
e430f1d8-b013-48c0-96d1-2bd8ad3c06e8,Calibre 50,calibre 50,Calibre 50,MX|Mazatlan|Mexico,corrido|latin|mx_group|norteño|norteño-banda|ranchera|regional Mexican|regional mexicano|serrieno-banda|sierreño,"[{""source"": ""musicbrainz"", ""id"": ""28c7230b-cf8f-49c8-aac9-92d36fb7a067""}, {""source"": ""musicbrainz"", ""id"": ""28c7230b-cf8f-49c8-aac9-92d36fb7a067""}, {""source"": ""wikidata"", ""id"": ""Q30527623""}]",4,high,mexico_signal|regional_genre_signal|multi_source_presence,
7922e3a8-8d57-4b1f-a7aa-fc259be8e1dc,Grupo Límite,grupo limite,Grupo Límite,MX|Mexico|Monterrey,mx_group|norteño,"[{""source"": ""musicbrainz"", ""id"": ""5e092918-3eb2-4ec9-893e-d2792a08ce86""}, {""source"": ""wikidata"", ""id"": ""Q5612232""}]",4,high,mexico_signal|regional_genre_signal|multi_source_presence,
391dec31-db35-4c77-8db8-2888a699a8b4,Los Gorriones del Topo Chico,los gorriones del topo chico,Los Gorriones del Topo Chico,MX|Mexico|Monterrey,corrido|mx_group|norteño|regional Mexican|regional mexicano,"[{""source"": ""musicbrainz"", ""id"": ""2330273f-bdef-4faf-88a9-3737b86e1832""}, {""source"": ""musicbrainz"", ""id"": ""2330273f-bdef-4faf-88a9-3737b86e1832""}, {""source"": ""wikidata"", ""id"": ""Q124004671""}]",4,high,mexico_signal|regional_genre_signal|multi_source_presence,
c0bb3975-8409-469c-8f1f-e067acb93512,Tex Tex,tex tex,Tex Tex,MX|Mexico,banda|mx_group,"[{""source"": ""musicbrainz"", ""id"": ""dc4fcf68-9e34-48e6-8d67-0fe11e0ac89d""}, {""source"": ""musicbrainz"", ""id"": ""dc4fcf68-9e34-48e6-8d67-0fe11e0ac89d""}, {""source"": ""wikidata"", ""id"": ""Q6143725""}]",4,high,mexico_signal|regional_genre_signal|multi_source_presence,
a6c2f3ed-a068-465b-ba60-ca758391b93c,Los Cuates de Sinaloa,los cuates de sinaloa,Los Cuates de Sinaloa,MX|Mexico|Sinaloa,mx_group|regional mexicano|sierreño,"[{""source"": ""musicbrainz"", ""id"": ""4371c010-c59c-4332-940a-56a904c7aec9""}, {""source"": ""musicbrainz"", ""id"": ""4371c010-c59c-4332-940a-56a904c7aec9""}, {""source"": ""wikidata"", ""id"": ""Q28155537""}]",4,high,mexico_signal|regional_genre_signal|multi_source_presence,
412240e8-cf5f-4003-836d-afa47e39cb27,El Poder del Norte,el poder del norte,El Poder del Norte,MX|Mexico|Monterrey,mx_group|norteño,"[{""source"": ""musicbrainz"", ""id"": ""a0e7007b-6fb9-4db1-a8ec-31191bc9c310""}, {""source"": ""musicbrainz"", ""id"": ""a0e7007b-6fb9-4db1-a8ec-31191bc9c310""}, {""source"": ""wikidata"", ""id"": ""Q5351854""}]",4,high,mexico_signal|regional_genre_signal|multi_source_presence,
1887085b-a50f-4785-bc7e-494bfcde600a,Fuerza Regida,fuerza regida,Fuerza Regida,MX|Mexico|United States,mx_group|norteño|regional mexicano,"[{""source"": ""musicbrainz"", ""id"": ""e665ce26-6ce9-4c42-8f6a-7a361a0ba328""}, {""source"": ""musicbrainz"", ""id"": ""e665ce26-6ce9-4c42-8f6a-7a361a0ba328""}, {""source"": ""musicbrainz"", ""id"": ""sample_mb_2""}]",4,high,mexico_signal|regional_genre_signal|multi_source_presence,
6f08493e-008e-4964-8dfe-635ee5c01ca8,Los Rancheritos del Topo Chico,los rancheritos del topo chico,Los Rancheritos Del Topo Chico|Los Rancheritos del Topo Chico,MX|Mexico,bolero|mx_group|norteño|ranchera|regional Mexican|regional mexicano,"[{""source"": ""musicbrainz"", ""id"": ""2c768d3c-8c5f-4925-b331-3c5d9b4175a7""}, {""source"": ""musicbrainz"", ""id"": ""2c768d3c-8c5f-4925-b331-3c5d9b4175a7""}, {""source"": ""wikidata"", ""id"": ""Q130758439""}]",4,high,mexico_signal|regional_genre_signal|multi_source_presence,
b6c21a5c-6b8e-4b84-bffc-062657002dbb,El Trono de México,el trono de mexico,El Trono de Mexico|El Trono de México,MX|Mexico,duranguense|mx_group,"[{""source"": ""musicbrainz"", ""id"": ""2c5eb9c0-e2b5-4d86-9fb9-4bc530df82f1""}, {""source"": ""musicbrainz"", ""id"": ""2c5eb9c0-e2b5-4d86-9fb9-4bc530df82f1""}, {""source"": ""wikidata"", ""id"": ""Q5352290""}]",4,high,mexico_signal|regional_genre_signal|multi_source_presence,
8f819780-fc52-4225-a20a-8a2c0ed11df0,San Pascualito Rey,san pascualito rey,San Pascualito Rey,MX|Mexico,00s|Mexican folk music|folk|latin|lounge|mariachi|metal|mexico|mx_group|rock|rock music|trip hop,"[{""source"": ""musicbrainz"", ""id"": ""cb9dd7c8-f240-4816-a2a2-731090ae880e""}, {""source"": ""musicbrainz"", ""id"": ""cb9dd7c8-f240-4816-a2a2-731090ae880e""}, {""source"": ""wikidata"", ""id"": ""Q47507543""}]",4,high,mexico_signal|regional_genre_signal|multi_source_presence,
4b855052-bda0-4617-9d4c-f2b9adee6fc7,Banda de Música del Estado de Oaxaca,banda de musica del estado de oaxaca,Banda de Música del Estado de Oaxaca,MX|Mexico|Oaxaca de Juárez,banda|mx_group,"[{""source"": ""musicbrainz"", ""id"": ""05df447a-b547-4318-86b1-f38eb78de9ef""}, {""source"": ""musicbrainz"", ""id"": ""05df447a-b547-4318-86b1-f38eb78de9ef""}, {""source"": ""wikidata"", ""id"": ""Q15144409""}]",4,high,mexico_signal|regional_genre_signal|multi_source_presence,
0cc6d03f-f0c0-4cd9-b00c-ba33a48b962e,Los Alameños De La Sierra,los alamenos de la sierra,Los Alameños De La Sierra|Los Alameños de la Sierra,Los Mochis|MX|Mexico,mx_group|norteño|regional Mexican|regional mexicano|sierreña|sierreño,"[{""source"": ""musicbrainz"", ""id"": ""b5f829fe-6285-4c44-a1ff-dce2f2552a97""}, {""source"": ""musicbrainz"", ""id"": ""b5f829fe-6285-4c44-a1ff-dce2f2552a97""}, {""source"": ""wikidata"", ""id"": ""Q101440425""}]",4,high,mexico_signal|regional_genre_signal|multi_source_presence,
f9beac1d-12dd-4375-ba17-65ce0f5db02c,Chicos de Barrio,chicos de barrio,Chicos de Barrio|Los Chicos de Barrio|Los Chicos del Barrio,MX|Mexico,banda music|cumbia|hip-hop|mx_group|norteño|reggaeton|vallenato,"[{""source"": ""musicbrainz"", ""id"": ""221672f3-806f-4114-a059-c004cb3d05ce""}, {""source"": ""wikidata"", ""id"": ""Q5096563""}]",4,high,mexico_signal|regional_genre_signal|multi_source_presence,
bdd11e3c-b9eb-49f5-b289-2e2712566d7b,Banda Bostik,banda bostik,Banda Bostik,Ciudad de México|Mexico,banda|mx_group,"[{""source"": ""musicbrainz"", ""id"": ""372469d1-a2e8-42cb-8695-e6979bc7768b""}, {""source"": ""musicbrainz"", ""id"": ""372469d1-a2e8-42cb-8695-e6979bc7768b""}, {""source"": ""wikidata"", ""id"": ""Q2918555""}]",4,high,mexico_signal|regional_genre_signal|multi_source_presence,
28cfcd52-1439-4e44-9784-93d321e24a16,Banda Maguey,banda maguey,Banda Maguey,MX|Mexico,banda|mx_group,"[{""source"": ""musicbrainz"", ""id"": ""586d058a-ab80-491a-a720-bbd2a70b39d0""}, {""source"": ""musicbrainz"", ""id"": ""586d058a-ab80-491a-a720-bbd2a70b39d0""}, {""source"": ""wikidata"", ""id"": ""Q4854296""}]",4,high,mexico_signal|regional_genre_signal|multi_source_presence,
cdcce10a-3602-483f-b04c-373f75ca2509,Banda Toro,banda toro,Banda Toro,MX|Mexico,banda|mx_group,"[{""source"": ""musicbrainz"", ""id"": ""8bd5e1a3-3f51-4b3c-9ed7-d637edde2d88""}, {""source"": ""musicbrainz"", ""id"": ""8bd5e1a3-3f51-4b3c-9ed7-d637edde2d88""}, {""source"": ""wikidata"", ""id"": ""Q5572780""}]",4,high,mexico_signal|regional_genre_signal|multi_source_presence,
39b311e3-6574-4868-a547-512dfc062a7d,Las Jilguerillas,las jilguerillas,Las Jilguerillas,MX|Mexico,Campirano|mariachi|mx_group|ranchera,"[{""source"": ""musicbrainz"", ""id"": ""fd1515d3-39a1-408d-a871-7ced1a30a1d6""}, {""source"": ""wikidata"", ""id"": ""Q85775896""}]",4,high,mexico_signal|regional_genre_signal|multi_source_presence,
84e8fecb-85c4-43f8-8434-d5c3a9bdcc46,La Leyenda,la leyenda,La Leyenda,MX|Mexico,mx_group|norteño,"[{""source"": ""musicbrainz"", ""id"": ""b6ce5c4a-6ea0-48e2-b497-48a8c2690061""}, {""source"": ""musicbrainz"", ""id"": ""b6ce5c4a-6ea0-48e2-b497-48a8c2690061""}, {""source"": ""wikidata"", ""id"": ""Q8965171""}]",4,high,mexico_signal|regional_genre_signal|multi_source_presence,
eef8f3cc-a664-4fd0-ae8b-e09efde358ee,Grupo Arranke,grupo arranke,Grupo Arranke,MX|Mexico,corrido|mx_group|norteño|norteño-banda|ranchera|regional Mexican|regional mexicano|sierreño|sierreño-banda,"[{""source"": ""musicbrainz"", ""id"": ""407182ed-151b-45b8-a8bc-a10bc87dff09""}, {""source"": ""musicbrainz"", ""id"": ""407182ed-151b-45b8-a8bc-a10bc87dff09""}, {""source"": ""wikidata"", ""id"": ""Q99422039""}]",4,high,mexico_signal|regional_genre_signal|multi_source_presence,
4aba4c56-57f3-4dc5-bf02-598acda48234,Banda Zeta,banda zeta,Banda Zeta,MX|Mexico|Tepic,banda|mx_group|technobanda,"[{""source"": ""musicbrainz"", ""id"": ""97211033-3cf4-493d-baa4-db0feee4acc0""}, {""source"": ""musicbrainz"", ""id"": ""97211033-3cf4-493d-baa4-db0feee4acc0""}, {""source"": ""wikidata"", ""id"": ""Q5718292""}]",4,high,mexico_signal|regional_genre_signal|multi_source_presence,
88426319-47dc-4e3d-9ed3-e3e943025525,Banda Tierra Mojada,banda tierra mojada,Banda Infantil San Andrés|Banda Tierra Mojada,MX|Mexico|Oaxaca,banda|banda music|mx_group|regional Mexican,"[{""source"": ""musicbrainz"", ""id"": ""7b6763d6-cb62-485d-a57a-18e0008ebf60""}, {""source"": ""musicbrainz"", ""id"": ""7b6763d6-cb62-485d-a57a-18e0008ebf60""}, {""source"": ""wikidata"", ""id"": ""Q105099773""}]",4,high,mexico_signal|regional_genre_signal|multi_source_presence,
4cd1ea77-99cc-4c4e-b241-c82a743d6349,Irma Vila,irma vila,Irma Vila,Mexico,mx_beginarea_person|ranchera,"[{""source"": ""musicbrainz"", ""id"": ""1aa6d178-bc31-42fc-a0eb-d901aaae971f""}, {""source"": ""wikidata"", ""id"": ""Q18640797""}]",4,high,mexico_signal|regional_genre_signal|multi_source_presence,
5aed2445-d552-4bcb-a53d-d308ed64faf5,Majo Aguilar,majo aguilar,Majo Aguilar,Ciudad de México|Mexico,cumbia|mx_beginarea_person|pop music|ranchera,"[{""source"": ""musicbrainz"", ""id"": ""818d11de-dbf7-4640-9562-fb244a77b63e""}, {""source"": ""wikidata"", ""id"": ""Q96074466""}]",4,high,mexico_signal|regional_genre_signal|multi_source_presence,
7fbb6cb7-a9ce-4dae-880a-b29e86a6592d,Alex Fernández,alex fernandez,Alejandro Fernández Guinart|Alex Fernández,Ciudad de México|Mexico,mariachi|mx_beginarea_person|norteño|ranchera|regional mexicano,"[{""source"": ""musicbrainz"", ""id"": ""01363de3-7323-4493-9388-e096e0b41f8a""}, {""source"": ""wikidata"", ""id"": ""Q108659202""}]",4,high,mexico_signal|regional_genre_signal|multi_source_presence,
0676cf89-8e23-40ee-a877-4c915d61e910,Amalia Macías,amalia macias,Amalia Macías|María Dolores Amalia Macías Gutiérrez,Irapuato|MX|Mexico,mx_country_person|ranchera,"[{""source"": ""musicbrainz"", ""id"": ""c2d2c71c-6bdc-4f41-9c9c-525fa55e2085""}, {""source"": ""musicbrainz"", ""id"": ""c2d2c71c-6bdc-4f41-9c9c-525fa55e2085""}, {""source"": ""wikidata"", ""id"": ""Q96100588""}]",4,high,mexico_signal|regional_genre_signal|multi_source_presence,
9d5bc99a-0d13-4104-af12-698b9a7c4304,Servando Cano Rodríguez,servando cano rodriguez,Servando Cano Rodriguez|Servando Cano Rodríguez,MX|Mexico|Nuevo León,norteño|ranchera|regional mexican,"[{""source"": ""musicbrainz"", ""id"": ""510569f2-05cc-48c4-bb80-45df91d79738""}, {""source"": ""wikidata"", ""id"": ""Q105415317""}]",4,high,mexico_signal|regional_genre_signal|multi_source_presence,
f974115a-2a15-4c57-a08f-e2c1fb359c40,Pistolas de Oro,pistolas de oro,Pistolas de Oro|Pistolas de oro,Mexico,mariachi|ranchera|regional Mexican,"[{""source"": ""wikidata"", ""id"": ""Q125008008""}, {""source"": ""wikidata"", ""id"": ""Q130364271""}]",4,high,mexico_signal|regional_genre_signal|multi_source_presence,
